151,66019243335575435805648968342699057461333706652430184610592712979930064879617,CABBAGE,https://raw2.seadn.io/polygon/0x2953399124f0cbb46d2cbacd8a89cf0599974963/c33619d492a9127779daaa5ee33916/3ac33619d492a9127779daaa5ee33916.png,0x2953399124F0cBB46d2CbACD8A89cF0599974963
152,66019243335575435805648968342699057461333706652430184610592713000820785807361,SCHOOL BAG,https://raw2.seadn.io/polygon/0x2953399124f0cbb46d2cbacd8a89cf0599974963/422b3fe8ce32de01a34b3509549b1e/78422b3fe8ce32de01a34b3509549b1e.png,0x2953399124F0cBB46d2CbACD8A89cF0599974963
153,66019243335575435805648968342699057461333706652430184610592712970034460229633,ORIGAMI,https://raw2.seadn.io/polygon/0x2953399124f0cbb46d2cbacd8a89cf0599974963/f819c448bc73cb06e109fd4d7cf043/2bf819c448bc73cb06e109fd4d7cf043.png,0x2953399124F0cBB46d2CbACD8A89cF0599974963
154,66019243335575435805648968342699057461333706652430184610592712964536902090753,AMMONITE,https://raw2.seadn.io/polygon/0x2953399124f0cbb46d2cbacd8a89cf0599974963/80d479671504646c0a0b0b091722c1/2180d479671504646c0a0b0b091722c1.png,0x2953399124F0cBB46d2CbACD8A89cF0599974963
155,66019243335575435805648968342699057461333706652430184610592712863381832335361,TELEVISION,https://raw2.seadn.io/polygon/0x2953399124f0cbb46d2cbacd8a89cf0599974963/328e80e330b9959859c04d9c8d4b53/60328e80e330b9959859c04d9c8d4b53.png,0x2953399124F0cBB46d2CbACD8A89cF0599974963
156,66019243335575435805648968342699057461333706652430184610592713006318343946241,DOOR KNOB,https://raw2.seadn.io/polygon/0x2953399124f0cbb46d2cbacd8a89cf0599974963/1f6fd0f0f29bf7b74894956eb37b60/f81f6fd0f0f29bf7b74894956eb37b60.png,0x2953399124F0cBB46d2CbACD8A89cF0599974963
157,66019243335575435805648968342699057461333706652430184610592712976631529996289,FOX WALLET,https://raw2.seadn.io/polygon/0x2953399124f0cbb46d2cbacd8a89cf0599974963/f6b037a2824c05257642cfe09b1efa/f8f6b037a2824c05257642cfe09b1efa.png,0x2953399124F0cBB46d2CbACD8A89cF0599974963
158,35937144380534879780501651192743797221054329105886292763214854914746586497038,IRON MASK,https://raw2.seadn.io/polygon/0x2953399124f0cbb46d2cbacd8a89cf0599974963/c1cd085d73955a4204ae7a847a75a4/fec1cd085d73955a4204ae7a847a75a4.png,0x2953399124F0cBB46d2CbACD8A89cF0599974963
159,66019243335575435805648968342699057461333706652430184610592712831495995129857,MEAT IN CARTOONS,https://raw2.seadn.io/ethereum/0x495f947276749ce646f68ac8c248420045cb7b5e/934851fcd5ddad8e5142a5b2a23814/99934851fcd5ddad8e5142a5b2a23814.png,0x495f947276749Ce646f68AC8c248420045cb7b5e
160,66019243335575435805648968342699057461333706652430184610592712921655948607489,ANGEL DARUMART,https://raw2.seadn.io/polygon/0x2953399124f0cbb46d2cbacd8a89cf0599974963/fd816c6aa46402f3698baeaa51efbe/29fd816c6aa46402f3698baeaa51efbe.png,0x2953399124F0cBB46d2CbACD8A89cF0599974963
161,66019243335575435805648968342699057461333706652430184610592712888670599774209,FRENCH FRIES,https://raw2.seadn.io/ethereum/0x495f947276749ce646f68ac8c248420045cb7b5e/320d9dbc16580eb8a71bab86084dd7/08320d9dbc16580eb8a71bab86084dd7.png,0x495f947276749Ce646f68AC8c248420045cb7b5e
162,66019243335575435805648968342699057461333706652430184610592712956840320696321,CHOCOLATE DONUT,https://raw2.seadn.io/polygon/0x2953399124f0cbb46d2cbacd8a89cf0599974963/5cc616a10b0c3a329cb0a1b7c628d3/925cc616a10b0c3a329cb0a1b7c628d3.png,0x2953399124F0cBB46d2CbACD8A89cF0599974963
163,66019243335575435805648968342699057461333706652430184610592712857884274196481,EGG,https://raw2.seadn.io/ethereum/0x495f947276749ce646f68ac8c248420045cb7b5e/4777cf6281eb5dc4d1beae2b908b79/7d4777cf6281eb5dc4d1beae2b908b79.png,0x495f947276749Ce646f68AC8c248420045cb7b5e
164,66019243335575435805648968342699057461333706652430184610592712838093064896513,HOT COFFEE,https://raw2.seadn.io/ethereum/0x495f947276749ce646f68ac8c248420045cb7b5e/00ec2edb058ae833e76f137fe059e3/2400ec2edb058ae833e76f137fe059e3.png,0x495f947276749Ce646f68AC8c248420045cb7b5e
165,66019243335575435805648968342699057461333706652430184610592712861182809079809,YOKAI,https://raw2.seadn.io/ethereum/0x495f947276749ce646f68ac8c248420045cb7b5e/15d7a2fba78b5016faab04538bc3f4/b615d7a2fba78b5016faab04538bc3f4.png,0x495f947276749Ce646f68AC8c248420045cb7b5e
166,66019243335575435805648968342699057461333706652430184610592712983228599762945,TRAFFIC LIGHT,https://raw2.seadn.io/polygon/0x2953399124f0cbb46d2cbacd8a89cf0599974963/0f15384dc5712de850e276d8f380db/9b0f15384dc5712de850e276d8f380db.png,0x2953399124F0cBB46d2CbACD8A89cF0599974963
167,63927620542847522519375790575566528254792799608562331787916036457465580093441,SUGAR,https://raw2.seadn.io/polygon/0x2953399124f0cbb46d2cbacd8a89cf0599974963/463485ebbadadc049fcc969b52c7c2/c1463485ebbadadc049fcc969b52c7c2.png,0x2953399124F0cBB46d2CbACD8A89cF0599974963
168,66019243335575435805648968342699057461333706652430184610592712900765227679745,SQUID,https://raw2.seadn.io/polygon/0x2953399124f0cbb46d2cbacd8a89cf0599974963/b5d8c387e00af5b3b21e7e74a45906/e6b5d8c387e00af5b3b21e7e74a45906.png,0x2953399124F0cBB46d2CbACD8A89cF0599974963
169,66019243335575435805648968342699057461333706652430184610592712846889157918721,DIGITAL CLOCK,https://raw2.seadn.io/ethereum/0x495f947276749ce646f68ac8c248420045cb7b5e/7a20929ed865bddf3a3406ed245fb1/5c7a20929ed865bddf3a3406ed245fb1.png,0x495f947276749Ce646f68AC8c248420045cb7b5e
170,66019243335575435805648968342699057461333706652430184610592712911760343957505,LONG NECKED CAT,https://raw2.seadn.io/polygon/0x2953399124f0cbb46d2cbacd8a89cf0599974963/021f49909ec3e6f54ede98c5c19d70/1f021f49909ec3e6f54ede98c5c19d70.png,0x2953399124F0cBB46d2CbACD8A89cF0599974963
171,66019243335575435805648968342699057461333706652430184610592712917257902096385,GARLIC,https://raw2.seadn.io/polygon/0x2953399124f0cbb46d2cbacd8a89cf0599974963/2cf12661a8feefab614a3ecb435d7b/3a2cf12661a8feefab614a3ecb435d7b.png,0x2953399124F0cBB46d2CbACD8A89cF0599974963
172,66019243335575435805648968342699057461333706652430184610592712869978902102017,FOOTBALL FISH,https://raw2.seadn.io/ethereum/0x495f947276749ce646f68ac8c248420045cb7b5e/3afc26b4c943358f1d9c0200bf44f3/5c3afc26b4c943358f1d9c0200bf44f3.png,0x495f947276749Ce646f68AC8c248420045cb7b5e
173,66019243335575435805648968342699057461333706652430184610592712835894041640961,ALPACA,https://raw2.seadn.io/polygon/0x2953399124f0cbb46d2cbacd8a89cf0599974963/8fb5795d7006029001e2b3370d0477/9e8fb5795d7006029001e2b3370d0477.png,0x2953399124F0cBB46d2CbACD8A89cF0599974963
174,66019243335575435805648968342699057461333706652430184610592712845789646290945,CAT,https://raw2.seadn.io/polygon/0x2953399124f0cbb46d2cbacd8a89cf0599974963/7071012b2b9ad0abfd36aba0ae2388/787071012b2b9ad0abfd36aba0ae2388.png,0x2953399124F0cBB46d2CbACD8A89cF0599974963
175,66019243335575435805648968342699057461333706652430184610592712852386716057601,D,https://raw2.seadn.io/ethereum/0x495f947276749ce646f68ac8c248420045cb7b5e/0af87419fa2a90d237f4e156b0bd1e/ef0af87419fa2a90d237f4e156b0bd1e.png,0x495f947276749Ce646f68AC8c248420045cb7b5e
176,66019243335575435805648968342699057461333706652430184610592712967835436974081,PILLARS OF A GREEK TEMPLE,https://raw2.seadn.io/polygon/0x2953399124f0cbb46d2cbacd8a89cf0599974963/60128f1afd5bcfd8a99ac9bc87e44e/c460128f1afd5bcfd8a99ac9bc87e44e.png,0x2953399124F0cBB46d2CbACD8A89cF0599974963
177,66019243335575435805648968342699057461333706652430184610592712935949599768577,BELL PEPPER,https://raw2.seadn.io/polygon/0x2953399124f0cbb46d2cbacd8a89cf0599974963/1106c4ea09d233f7c4b746837a35e2/ea1106c4ea09d233f7c4b746837a35e2.png,0x2953399124F0cBB46d2CbACD8A89cF0599974963
178,66019243335575435805648968342699057461333706652430184610592712977731041624065,MUSCLE,https://raw2.seadn.io/polygon/0x2953399124f0cbb46d2cbacd8a89cf0599974963/91ee71e44fef25ddd575d20c44846a/c791ee71e44fef25ddd575d20c44846a.png,0x2953399124F0cBB46d2CbACD8A89cF0599974963
179,66019243335575435805648968342699057461333706652430184610592713005218832318465,NOSE,https://raw2.seadn.io/polygon/0x2953399124f0cbb46d2cbacd8a89cf0599974963/31e5e1927a8087e838651238253c78/dc31e5e1927a8087e838651238253c78.png,0x2953399124F0cBB46d2CbACD8A89cF0599974963
180,66019243335575435805648968342699057461333706652430184610592712900765227679745,BUDDHIST STATUE,https://raw2.seadn.io/polygon/0x2953399124f0cbb46d2cbacd8a89cf0599974963/9e024add849492fcd9c1d8ad345ae0/309e024add849492fcd9c1d8ad345ae0.png,0x2953399124F0cBB46d2CbACD8A89cF0599974963
181,66019243335575435805648968342699057461333706652430184610592712981029576507393,DUMBBELL,https://raw2.seadn.io/polygon/0x2953399124f0cbb46d2cbacd8a89cf0599974963/4d1a04366458f2f28239779b5a8f1d/184d1a04366458f2f28239779b5a8f1d.png,0x2953399124F0cBB46d2CbACD8A89cF0599974963
182,66019243335575435805648968342699057461333706652430184610592712920556436979713,PIZZA,https://raw2.seadn.io/polygon/0x2953399124f0cbb46d2cbacd8a89cf0599974963/91e616295da9101c2e6da355af205f/9d91e616295da9101c2e6da355af205f.png,0x2953399124F0cBB46d2CbACD8A89cF0599974963
183,66019243335575435805648968342699057461333706652430184610592712862282320707585,TEETH,https://raw2.seadn.io/ethereum/0x495f947276749ce646f68ac8c248420045cb7b5e/693e0ab0a50121ed707412e5090aea/63693e0ab0a50121ed707412e5090aea.png,0x495f947276749Ce646f68AC8c248420045cb7b5e
184,66019243335575435805648968342699057461333706652430184610592712836993553268737,CAMERA,https://raw2.seadn.io/polygon/0x2953399124f0cbb46d2cbacd8a89cf0599974963/d9d58f1f444cfde3f949313a1f7ef4/8fd9d58f1f444cfde3f949313a1f7ef4.png,0x2953399124F0cBB46d2CbACD8A89cF0599974963
185,66019243335575435805648968342699057461333706652430184610592712838093064896513,DARUMA,https://raw2.seadn.io/polygon/0x2953399124f0cbb46d2cbacd8a89cf0599974963/1f300849d76916034dba3b25ae579b/ed1f300849d76916034dba3b25ae579b.png,0x2953399124F0cBB46d2CbACD8A89cF0599974963
186,66019243335575435805648968342699057461333706652430184610592712999721274179585,FIRE,https://raw2.seadn.io/polygon/0x2953399124f0cbb46d2cbacd8a89cf0599974963/82db4e2570370dcfc10c0e506ca1aa/5382db4e2570370dcfc10c0e506ca1aa.png,0x2953399124F0cBB46d2CbACD8A89cF0599974963
187,66019243335575435805648968342699057461333706652430184610592712863381832335361,HERO,https://raw2.seadn.io/ethereum/0x495f947276749ce646f68ac8c248420045cb7b5e/44c89638b9a38d8fdd220b3e371051/c144c89638b9a38d8fdd220b3e371051.png,0x495f947276749Ce646f68AC8c248420045cb7b5e
188,66019243335575435805648968342699057461333706652430184610592712971133971857409,MOON,https://raw2.seadn.io/polygon/0x2953399124f0cbb46d2cbacd8a89cf0599974963/75f0a1150b9879072ed3bb4d58ef1a/a775f0a1150b9879072ed3bb4d58ef1a.png,0x2953399124F0cBB46d2CbACD8A89cF0599974963
189,66019243335575435805648968342699057461333706652430184610592712856784762568705,ARROW,https://raw2.seadn.io/ethereum/0x495f947276749ce646f68ac8c248420045cb7b5e/d7f2a6cc447f5b5a028979beb4cbeb/7ad7f2a6cc447f5b5a028979beb4cbeb.png,0x495f947276749Ce646f68AC8c248420045cb7b5e
190,66019243335575435805648968342699057461333706652430184610592712864481343963137,BABY VOXEL,https://raw2.seadn.io/polygon/0x2953399124f0cbb46d2cbacd8a89cf0599974963/86d6aa2aa4fb3a9ad00345ec8465f4/b386d6aa2aa4fb3a9ad00345ec8465f4.png,0x2953399124F0cBB46d2CbACD8A89cF0599974963
191,66019243335575435805648968342699057461333706652430184610592712907362297446401,PEACE MARK HAND,https://raw2.seadn.io/polygon/0x2953399124f0cbb46d2cbacd8a89cf0599974963/d028299fa192feb8775dccfa34edb6/07d028299fa192feb8775dccfa34edb6.png,0x2953399124F0cBB46d2CbACD8A89cF0599974963
192,66019243335575435805648968342699057461333706652430184610592712973332995112961,PIG'S FEET,https://raw2.seadn.io/polygon/0x2953399124f0cbb46d2cbacd8a89cf0599974963/7b93b2d4a251994fd6d6a33e0c1623/da7b93b2d4a251994fd6d6a33e0c1623.png,0x2953399124F0cBB46d2CbACD8A89cF0599974963
193,66019243335575435805648968342699057461333706652430184610592712990925181157377,MOUNTAIN,https://raw2.seadn.io/polygon/0x2953399124f0cbb46d2cbacd8a89cf0599974963/5b923473b48566c766a301d6b3341e/075b923473b48566c766a301d6b3341e.png,0x2953399124F0cBB46d2CbACD8A89cF0599974963
194,66019243335575435805648968342699057461333706652430184610592712851287204429825,WATERING POT,https://raw2.seadn.io/ethereum/0x495f947276749ce646f68ac8c248420045cb7b5e/5be5ec641f7a311f97f77cd6476a8d/275be5ec641f7a311f97f77cd6476a8d.png,0x495f947276749Ce646f68AC8c248420045cb7b5e
195,66019243335575435805648968342699057461333706652430184610592712864481343963137,PLASTER FIGURE,https://raw2.seadn.io/ethereum/0x495f947276749ce646f68ac8c248420045cb7b5e/c37ff0931dd9918acc06871c513059/f5c37ff0931dd9918acc06871c513059.png,0x495f947276749Ce646f68AC8c248420045cb7b5e
196,66019243335575435805648968342699057461333706652430184610592712858983785824257,SOCCERBALL,https://raw2.seadn.io/polygon/0x2953399124f0cbb46d2cbacd8a89cf0599974963/2206cd2a5a96fe302c78de15a1a110/dc2206cd2a5a96fe302c78de15a1a110.png,0x2953399124F0cBB46d2CbACD8A89cF0599974963
197,66019243335575435805648968342699057461333706652430184610592712884272553263105,SUSHI ROLL,https://raw2.seadn.io/ethereum/0x495f947276749ce646f68ac8c248420045cb7b5e/68c4a2205fd946f2e21cc3c203f021/0568c4a2205fd946f2e21cc3c203f021.png,0x495f947276749Ce646f68AC8c248420045cb7b5e
198,66019243335575435805648968342699057461333706652430184610592712896367181168641,CHESTNUT,https://raw2.seadn.io/ethereum/0x495f947276749ce646f68ac8c248420045cb7b5e/7ec6a8abfe97cccbdef5071e171ea7/b77ec6a8abfe97cccbdef5071e171ea7.png,0x495f947276749Ce646f68AC8c248420045cb7b5e
